Bin 1,Bin 2,Bin 3,Bin 4,Bin 5,Bin 6,Bin 7,Bin 8,Bin 9,Bin 10,Bin 11,Bin 12,Bin 13,Bin 14,Bin 15,Bin 16,Bin 17,Bin 18,Bin 19,Bin 20,Bin 21,Bin 22,Bin 23,Bin 24,Bin 25,Bin 26,Bin 27,Bin 28,Bin 29,Bin 30,Bin 31,Bin 32,Bin 33,Bin 34,Bin 35,Bin 36,Bin 37,Bin 38,Bin 39,Bin 40,Bin 41,Bin 42,Bin 43,Bin 44,Bin 45,Bin 46,Bin 47,Bin 48,Bin 49,Bin 50,Bin 51,Bin 52,Bin 53,Bin 54,Bin 55,Bin 56,Bin 57,Bin 58,Person
0.0566043667,0,0,0,0,0,0.1854766804,0,0,0,0,0,0.1219935985,0,0,0,0,0,0,0.4749628487,0,0,0,0,0,0.9021890718,0,0,0,0,0,0,0.8294238683,0,0,0,0,0,0.2836019662,0,0,0,0,0,0,0.2514460448,0,0,0,0,0,2.9142546868,0,0,0,0,0,0.4244913123,1
0.0508859168,0,0,0,0,0,0.2066929584,0,0,0,0,0,0.1438728852,0,0,0,0,0,0,0.699888546,0,0,0,0,0,1.3909922268,0,0,0,0,0,0,1.299579904,0,0,0,0,0,0.4409007773,0,0,0,0,0,0,0.3596822131,0,0,0,0,0,1.4461877001,0,0,0,0,0,0.4057613169,1
0.0522948102,0,0,0,0,0,0.1939300412,0,0,0,0,0,0.121496342,0,0,0,0,0,0,0.5054612483,0,0,0,0,0,0.8701160265,0,0,0,0,0,0,0.8180698445,0,0,0,0,0,0.2989340421,0,0,0,0,0,0,0.2613911751,0,0,0,0,0,2.8880658436,0,0,0,0,0,0.4346850709,1
0.1055012574,0,0,0,0,0,0.4125571559,0,0,0,0,0,0.22169353,0,0,0,0,0,0,0.758730567,0,0,0,0,0,1.3529521033,0,0,0,0,0,0,1.2003772291,0,0,0,0,0,0.5353795153,0,0,0,0,0,0,0.4237454275,0,0,0,0,0,0.6620141747,0,0,0,0,0,0.7714934842,1
0.0671296296,0,0,0,0,0,0.2422467993,0,0,0,0,0,0.135005144,0,0,0,0,0,0,0.5519547325,0,0,0,0,0,0.9870541838,0,0,0,0,0,0,0.8996199131,0,0,0,0,0,0.3284379287,0,0,0,0,0,0,0.2948731139,0,0,0,0,0,2.4197330819,0,0,0,0,0,0.5183899177,1
0.0604995428,0,0,0,0,0,0.2260030864,0,0,0,0,0,0.1257230224,0,0,0,0,0,0,0.5444130087,0,0,0,0,0,0.983407636,0,0,0,0,0,0,0.9006144262,0,0,0,0,0,0.3259516461,0,0,0,0,0,0,0.2879943987,0,0,0,0,0,2.483464792,0,0,0,0,0,0.5063728852,1
0.0602509145,0,0,0,0,0,0.2313071559,0,0,0,0,0,0.1395633288,0,0,0,0,0,0,0.5483081847,0,0,0,0,0,0.966003658,0,0,0,0,0,0,0.8847022177,0,0,0,0,0,0.3305927069,0,0,0,0,0,0,0.2919724508,0,0,0,0,0,2.4832161637,0,0,0,0,0,0.5085276635,1
0.0507201646,0,0,0,0,0,0.1883773434,0,0,0,0,0,0.108899177,0,0,0,0,0,0,0.4786093964,0,0,0,0,0,0.8674639918,0,0,0,0,0,0,0.8484853681,0,0,0,0,0,0.2770547554,0,0,0,0,0,0,0.2682698903,0,0,0,0,0,2.907707476,0,0,0,0,0,0.4488568816,1
0.0581790123,0,0,0,0,0,0.2197045039,0,0,0,0,0,0.1273805441,0,0,0,0,0,0,0.5491369456,0,0,0,0,0,0.9940986511,0,0,0,0,0,0,0.9053383631,0,0,0,0,0,0.3252886374,0,0,0,0,0,0,0.2827732053,0,0,0,0,0,2.4810613855,0,0,0,0,0,0.5014831962,1
0.0474051212,0,0,0,0,0,0.221776406,0,0,0,0,0,0.1061642661,0,0,0,0,0,0,0.6011831276,0,0,0,0,0,1.0247628029,0,0,0,0,0,0,1.1934156379,0,0,0,0,0,0.3973908322,0,0,0,0,0,0,0.3814786237,0,0,0,0,0,1.8750714449,0,0,0,0,0,0.595796182,1
0.0513002972,0,0,0,0,0,0.195753315,0,0,0,0,0,0.1213305898,0,0,0,0,0,0,0.4787751486,0,0,0,0,0,0.8422696616,0,0,0,0,0,0,0.8199759945,0,0,0,0,0,0.2903978052,0,0,0,0,0,0,0.2596507773,0,0,0,0,0,2.9450845908,0,0,0,0,0,0.4399062643,1
0.053952332,0,0,0,0,0,0.1625200046,0,0,0,0,0,0.1173525377,0,0,0,0,0,0,0.4698245313,0,0,0,0,0,0.9607824646,0,0,0,0,0,0,0.7807756059,0,0,0,0,0,0.2542638317,0,0,0,0,0,0,0.2477166209,0,0,0,0,0,2.9988711706,0,0,0,0,0,0.3983853452,2
0.0499742798,0,0,0,0,0,0.1655864198,0,0,0,0,0,0.1237339963,0,0,0,0,0,0,0.482090192,0,0,0,0,0,0.9382401692,0,0,0,0,0,0,0.7922953818,0,0,0,0,0,0.2672753772,0,0,0,0,0,0,0.2481310014,0,0,0,0,0,2.9971307728,0,0,0,0,0,0.3799868541,2
0.1768575674,0,0,0,0,0,0.4192701189,0,0,0,0,0,0.3394604481,0,0,0,0,0,0,0.855115455,0,0,0,0,0,1.4213248743,0,0,0,0,0,0,1.1717021033,0,0,0,0,0,0.5738340192,0,0,0,0,0,0,0.4488568816,0,0,0,0,0,0.4909579332,0,0,0,0,0,0.5470650434,2
0.0492283951,0,0,0,0,0,0.1679069502,0,0,0,0,0,0.1222422268,0,0,0,0,0,0,0.4782778921,0,0,0,0,0,0.9661694102,0,0,0,0,0,0,0.778952332,0,0,0,0,0,0.2501200274,0,0,0,0,0,0,0.25260631,0,0,0,0,0,2.9895061728,0,0,0,0,0,0.3894347279,2
0.0544495885,0,0,0,0,0,0.1691500914,0,0,0,0,0,0.1214134659,0,0,0,0,0,0,0.4827532007,0,0,0,0,0,0.8681270005,0,0,0,0,0,0,0.8034007773,0,0,0,0,0,0.2672753772,0,0,0,0,0,0,0.2511145405,0,0,0,0,0,3.0434585048,0,0,0,0,0,0.3833018976,2
0.0514660494,0,0,0,0,0,0.1714706219,0,0,0,0,0,0.128209305,0,0,0,0,0,0,0.4844107225,0,0,0,0,0,0.9002829218,0,0,0,0,0,0,0.7874056927,0,0,0,0,0,0.2634630773,0,0,0,0,0,0,0.2525234339,0,0,0,0,0,3.0171867856,0,0,0,0,0,0.3880258345,2
0.0488140146,0,0,0,0,0,0.1618569959,0,0,0,0,0,0.1200874486,0,0,0,0,0,0,0.4840792181,0,0,0,0,0,0.9247313672,0,0,0,0,0,0,0.8110253772,0,0,0,0,0,0.2601480338,0,0,0,0,0,0,0.2565843621,0,0,0,0,0,2.9917438272,0,0,0,0,0,0.3853737997,2
0.0526263146,0,0,0,0,0,0.1466906722,0,0,0,0,0,0.1146176269,0,0,0,0,0,0,0.4167009602,0,0,0,0,0,0.8749228395,0,0,0,0,0,0,0.725994513,0,0,0,0,0,0.226583219,0,0,0,0,0,0,0.2260030864,0,0,0,0,0,3.3081647234,0,0,0,0,0,0.3521404893,2
0.0531235711,0,0,0,0,0,0.1578789438,0,0,0,0,0,0.1190929355,0,0,0,0,0,0,0.4699902835,0,0,0,0,0,0.9068301326,0,0,0,0,0,0,0.8083733425,0,0,0,0,0,0.2633802012,0,0,0,0,0,0,0.2453960905,0,0,0,0,0,3.0486796982,0,0,0,0,0,0.3716992455,2
0.0514660494,0,0,0,0,0,0.1714706219,0,0,0,0,0,0.128209305,0,0,0,0,0,0,0.4844107225,0,0,0,0,0,0.9002829218,0,0,0,0,0,0,0.7874056927,0,0,0,0,0,0.2634630773,0,0,0,0,0,0,0.2525234339,0,0,0,0,0,3.0171867856,0,0,0,0,0,0.3880258345,2
0.0943958619,0,0,0,0,0,0.2182127343,0,0,0,0,0,0.2022176497,0,0,0,0,0,0,0.6138631687,0,0,0,0,0,0.9700645862,0,0,0,0,0,0,0.8955589849,0,0,0,0,0,0.3835505258,0,0,0,0,0,0,0.2792095336,0,0,0,0,0,2.4004229538,0,0,0,0,0,0.3869484454,2
0.0752514861,0,0,0,0,0,0.1715534979,0,0,0,0,0,0.156138546,0,0,0,0,0,0,0.5724251257,0,0,0,0,0,1.1533864883,0,0,0,0,0,0,0.9204218107,0,0,0,0,0,0.3092935528,0,0,0,0,0,0,0.2399262689,0,0,0,0,0,2.5252343393,0,0,0,0,0,0.3208133288,3
0.0345593278,0,0,0,0,0,0.1292866941,0,0,0,0,0,0.0717706904,0,0,0,0,0,0,0.4122256516,0,0,0,0,0,1.0028835162,0,0,0,0,0,0,0.8228766575,0,0,0,0,0,0.226583219,0,0,0,0,0,0,0.2143175583,0,0,0,0,0,3.2134373571,0,0,0,0,0,0.3165037723,3
0.0368798583,0,0,0,0,0,0.1402263374,0,0,0,0,0,0.0856109968,0,0,0,0,0,0,0.414546182,0,0,0,0,0,0.9605338363,0,0,0,0,0,0,0.8641489483,0,0,0,0,0,0.2486282579,0,0,0,0,0,0,0.2356167124,0,0,0,0,0,3.1260859625,0,0,0,0,0,0.3321673525,3
0.0476537494,0,0,0,0,0,0.1553097851,0,0,0,0,0,0.0932355967,0,0,0,0,0,0,0.460791038,0,0,0,0,0,0.9450360082,0,0,0,0,0,0,0.8881001372,0,0,0,0,0,0.2697616598,0,0,0,0,0,0,0.2589877686,0,0,0,0,0,2.9518804298,0,0,0,0,0,0.3736882716,3
0.0360510974,0,0,0,0,0,0.1380715592,0,0,0,0,0,0.0846993599,0,0,0,0,0,0,0.424159808,0,0,0,0,0,0.9417209648,0,0,0,0,0,0,0.83108139,0,0,0,0,0,0.237191358,0,0,0,0,0,0,0.2307270233,0,0,0,0,0,3.1954532465,0,0,0,0,0,0.3252886374,3
0.0274319845,0,0,0,0,0,0.094478738,0,0,0,0,0,0.0719364426,0,0,0,0,0,0,0.402031893,0,0,0,0,0,1.026751829,0,0,0,0,0,0,0.8031521491,0,0,0,0,0,0.1890403521,0,0,0,0,0,0,0.1673268176,0,0,0,0,0,3.4530321216,0,0,0,0,0,0.2092621171,3
0.0349737083,0,0,0,0,0,0.1283750572,0,0,0,0,0,0.0792295382,0,0,0,0,0,0,0.4215906493,0,0,0,0,0,0.9627714906,0,0,0,0,0,0,0.8499771376,0,0,0,0,0,0.2440700732,0,0,0,0,0,0,0.2276606081,0,0,0,0,0,3.1887402835,0,0,0,0,0,0.3070558985,3
0.0517975537,0,0,0,0,0,0.1529063786,0,0,0,0,0,0.1116340878,0,0,0,0,0,0,0.5521204847,0,0,0,0,0,1.0327189072,0,0,0,0,0,0,1.1207333105,0,0,0,0,0,0.3349851395,0,0,0,0,0,0,0.3271119113,0,0,0,0,0,2.3951188843,0,0,0,0,0,0.3653177869,3
0.0442558299,0,0,0,0,0,0.1534036351,0,0,0,0,0,0.0846164838,0,0,0,0,0,0,0.4025291495,0,0,0,0,0,0.8513860311,0,0,0,0,0,0,0.8221307727,0,0,0,0,0,0.2324674211,0,0,0,0,0,0,0.2320530407,0,0,0,0,0,3.2723622542,0,0,0,0,0,0.3492398262,3
0.03663123,0,0,0,0,0,0.1379886831,0,0,0,0,0,0.079063786,0,0,0,0,0,0,0.4175297211,0,0,0,0,0,0.9532407407,0,0,0,0,0,0,0.856109968,0,0,0,0,0,0.242909808,0,0,0,0,0,0,0.2315557842,0,0,0,0,0,3.1589877686,0,0,0,0,0,0.3304269547,3
0.0345593278,0,0,0,0,0,0.1389003201,0,0,0,0,0,0.0791466621,0,0,0,0,0,0,0.4346021948,0,0,0,0,0,0.9210848194,0,0,0,0,0,0,0.833982053,0,0,0,0,0,0.2369427298,0,0,0,0,0,0,0.2298153864,0,0,0,0,0,3.2121113397,0,0,0,0,0,0.3232996113,3
0.0353880887,0,0,0,0,0,0.1286236854,0,0,0,0,0,0.1052526292,0,0,0,0,0,0,0.4873942615,0,0,0,0,0,1.0907321674,0,0,0,0,0,0,0.9379086648,0,0,0,0,0,0.2604795382,0,0,0,0,0,0,0.2148148148,0,0,0,0,0,2.9058842021,0,0,0,0,0,0.2779663923,4
0.0899205533,0,0,0,0,0,0.2978566529,0,0,0,0,0,0.186056813,0,0,0,0,0,0,0.6509087792,0,0,0,0,0,1.1001800412,0,0,0,0,0,0,1.1151806127,0,0,0,0,0,0.4146290581,0,0,0,0,0,0,0.4142146776,0,0,0,0,0,1.5294781664,0,0,0,0,0,0.6460190901,4
0.100280064,0,0,0,0,0,0.2845964792,0,0,0,0,0,0.2099251257,0,0,0,0,0,0,0.7176240283,0,0,0,0,0,1.1601823274,0,0,0,0,0,0,1.1760945359,0,0,0,0,0,0.4429726795,0,0,0,0,0,0,0.4109825103,0,0,0,0,0,1.3066243713,0,0,0,0,0,0.6351623228,4
0.0294210105,0,0,0,0,0,0.1014403292,0,0,0,0,0,0.0922410837,0,0,0,0,0,0,0.4375857339,0,0,0,0,0,1.1794095793,0,0,0,0,0,0,0.7763831733,0,0,0,0,0,0.2027149063,0,0,0,0,0,0,0.1673268176,0,0,0,0,0,3.2416152263,0,0,0,0,0,0.2163065844,4
0.0888431642,0,0,0,0,0,0.2732424554,0,0,0,0,0,0.1847307956,0,0,0,0,0,0,0.6910208048,0,0,0,0,0,1.1499885688,0,0,0,0,0,0,1.1487454275,0,0,0,0,0,0.4302097622,0,0,0,0,0,0,0.4044352995,0,0,0,0,0,1.447099337,0,0,0,0,0,0.6261288294,4
0.1008601966,0,0,0,0,0,0.2866683813,0,0,0,0,0,0.2074388432,0,0,0,0,0,0,0.7147233653,0,0,0,0,0,1.1796582076,0,0,0,0,0,0,1.16266861,0,0,0,0,0,0.443469936,0,0,0,0,0,0,0.4041037952,0,0,0,0,0,1.3023976909,0,0,0,0,0,0.6424554184,4
0.100280064,0,0,0,0,0,0.2845964792,0,0,0,0,0,0.2099251257,0,0,0,0,0,0,0.7176240283,0,0,0,0,0,1.1601823274,0,0,0,0,0,0,1.1760945359,0,0,0,0,0,0.4429726795,0,0,0,0,0,0,0.4109825103,0,0,0,0,0,1.3066243713,0,0,0,0,0,0.6351623228,4
0.0493112711,0,0,0,0,0,0.186056813,0,0,0,0,0,0.139811957,0,0,0,0,0,0,0.6291123685,0,0,0,0,0,1.3290837906,0,0,0,0,0,0,1.1978080704,0,0,0,0,0,0.4061756973,0,0,0,0,0,0,0.2943758573,0,0,0,0,0,1.858744856,0,0,0,0,0,0.3539637631,4
0.0948102423,0,0,0,0,0,0.2887402835,0,0,0,0,0,0.1991512346,0,0,0,0,0,0,0.6943358482,0,0,0,0,0,1.1536351166,0,0,0,0,0,0,1.145347508,0,0,0,0,0,0.4385802469,0,0,0,0,0,0,0.4070873342,0,0,0,0,0,1.3761574074,0,0,0,0,0,0.6465992227,4
0.0875171468,0,0,0,0,0,0.2806184271,0,0,0,0,0,0.1852280521,0,0,0,0,0,0,0.671047668,0,0,0,0,0,1.1141860997,0,0,0,0,0,0,1.1305955647,0,0,0,0,0,0.4336905578,0,0,0,0,0,0,0.3954846822,0,0,0,0,0,1.5034550755,0,0,0,0,0,0.6426211706,4
0.0933184728,0,0,0,0,0,0.2961162551,0,0,0,0,0,0.1829075217,0,0,0,0,0,0,0.6833133288,0,0,0,0,0,1.118329904,0,0,0,0,0,0,1.1862054184,0,0,0,0,0,0.4378343621,0,0,0,0,0,0,0.4070044582,0,0,0,0,0,1.3569301555,0,0,0,0,0,0.6824845679,4
0.0752514861,0,0,0,0,0,0.2821930727,0,0,0,0,0,0.1962505716,0,0,0,0,0,0,0.8358053269,0,0,0,0,0,1.5631258573,0,0,0,0,0,0,1.4032578875,0,0,0,0,0,0.5628114998,0,0,0,0,0,0,0.3843792867,0,0,0,0,0,0.666157979,0,0,0,0,0,0.4752114769,5
0.0300011431,0,0,0,0,0,0.1091478052,0,0,0,0,0,0.0787322817,0,0,0,0,0,0,0.3571959305,0,0,0,0,0,0.8334847965,0,0,0,0,0,0,0.6659922268,0,0,0,0,0,0.1834047782,0,0,0,0,0,0,0.1826588935,0,0,0,0,0,3.7600880201,0,0,0,0,0,0.2437385688,5
0.0282607453,0,0,0,0,0,0.0958047554,0,0,0,0,0,0.0788151578,0,0,0,0,0,0,0.3498199588,0,0,0,0,0,0.8785693873,0,0,0,0,0,0,0.6333390489,0,0,0,0,0,0.1655864198,0,0,0,0,0,0,0.1550611568,0,0,0,0,0,3.8406435757,0,0,0,0,0,0.2185442387,5
0.0282607453,0,0,0,0,0,0.0958047554,0,0,0,0,0,0.0788151578,0,0,0,0,0,0,0.3498199588,0,0,0,0,0,0.8785693873,0,0,0,0,0,0,0.6333390489,0,0,0,0,0,0.1655864198,0,0,0,0,0,0,0.1550611568,0,0,0,0,0,3.8406435757,0,0,0,0,0,0.2185442387,5
0.0295038866,0,0,0,0,0,0.0984567901,0,0,0,0,0,0.0816329447,0,0,0,0,0,0,0.369212963,0,0,0,0,0,0.8435128029,0,0,0,0,0,0,0.6730366941,0,0,0,0,0,0.1759459305,0,0,0,0,0,0,0.1652549154,0,0,0,0,0,3.7706961591,0,0,0,0,0,0.237191358,5
0.0290895062,0,0,0,0,0,0.0975451532,0,0,0,0,0,0.0821302012,0,0,0,0,0,0,0.3551240283,0,0,0,0,0,0.8366340878,0,0,0,0,0,0,0.6393890032,0,0,0,0,0,0.1756144262,0,0,0,0,0,0,0.1541495199,0,0,0,0,0,3.8465277778,0,0,0,0,0,0.2282407407,5
0.0311614083,0,0,0,0,0,0.1066615226,0,0,0,0,0,0.0831247142,0,0,0,0,0,0,0.3450960219,0,0,0,0,0,0.8601708962,0,0,0,0,0,0,0.6246370599,0,0,0,0,0,0.1698131001,0,0,0,0,0,0,0.1584590764,0,0,0,0,0,3.8259745085,0,0,0,0,0,0.2393461363,5
0.0294210105,0,0,0,0,0,0.1011088249,0,0,0,0,0,0.080969936,0,0,0,0,0,0,0.3517261088,0,0,0,0,0,0.8371313443,0,0,0,0,0,0,0.6455218336,0,0,0,0,0,0.1708904893,0,0,0,0,0,0,0.1577960677,0,0,0,0,0,3.832273091,0,0,0,0,0,0.2376057385,5
0.0291723823,0,0,0,0,0,0.1016060814,0,0,0,0,0,0.0758316187,0,0,0,0,0,0,0.3621684957,0,0,0,0,0,0.8497285094,0,0,0,0,0,0,0.6403006401,0,0,0,0,0,0.1727966392,0,0,0,0,0,0,0.169647348,0,0,0,0,0,3.8094821674,0,0,0,0,0,0.2337105624,5
0.0322387974,0,0,0,0,0,0.1360825332,0,0,0,0,0,0.0871027663,0,0,0,0,0,0,0.5000743027,0,0,0,0,0,1.0061156836,0,0,0,0,0,0,1.0110053727,0,0,0,0,0,0.3218078418,0,0,0,0,0,0,0.2524405578,0,0,0,0,0,2.83054984,0,0,0,0,0,0.267026749,5
0.0208018976,0,0,0,0,0,0.0855281207,0,0,0,0,0,0.0649748514,0,0,0,0,0,0,0.3450131459,0,0,0,0,0,0.9143718564,0,0,0,0,0,0,0.7353595107,0,0,0,0,0,0.1826588935,0,0,0,0,0,0,0.1546467764,0,0,0,0,0,3.7425182899,0,0,0,0,0,0.198571102,5
0.0406921582,0,0,0,0,0,0.1170210334,0,0,0,0,0,0.0855281207,0,0,0,0,0,0,0.3111168267,0,0,0,0,0,0.632427412,0,0,0,0,0,0,0.6134487883,0,0,0,0,0,0.1655864198,0,0,0,0,0,0,0.1675754458,0,0,0,0,0,4.0542981253,0,0,0,0,0,0.2567501143,6
0.030829904,0,0,0,0,0,0.0984567901,0,0,0,0,0,0.0690357796,0,0,0,0,0,0,0.2842649749,0,0,0,0,0,0.5914037494,0,0,0,0,0,0,0.5905749886,0,0,0,0,0,0.1819130087,0,0,0,0,0,0,0.1623542524,0,0,0,0,0,4.1974251257,0,0,0,0,0,0.2381858711,6
0.0418524234,0,0,0,0,0,0.1204189529,0,0,0,0,0,0.0846164838,0,0,0,0,0,0,0.3054812529,0,0,0,0,0,0.6081447188,0,0,0,0,0,0,0.5913208733,0,0,0,0,0,0.1689843393,0,0,0,0,0,0,0.1711391175,0,0,0,0,0,4.0860396662,0,0,0,0,0,0.2664466164,6
0.0903349337,0,0,0,0,0,0.2569158665,0,0,0,0,0,0.1859739369,0,0,0,0,0,0,0.6615997942,0,0,0,0,0,1.0505372657,0,0,0,0,0,0,1.2133887746,0,0,0,0,0,0.4365083448,0,0,0,0,0,0,0.4138831733,0,0,0,0,0,1.6228795153,0,0,0,0,0,0.5124228395,6
0.0464106081,0,0,0,0,0,0.1645919067,0,0,0,0,0,0.1204189529,0,0,0,0,0,0,0.4726423182,0,0,0,0,0,0.8508887746,0,0,0,0,0,0,0.9008630544,0,0,0,0,0,0.3121942158,0,0,0,0,0,0,0.2607281664,0,0,0,0,0,2.9858596251,0,0,0,0,0,0.3298468221,6
0.0421010517,0,0,0,0,0,0.1246456333,0,0,0,0,0,0.0901691815,0,0,0,0,0,0,0.3000943073,0,0,0,0,0,0.634416438,0,0,0,0,0,0,0.5820387517,0,0,0,0,0,0.1655035437,0,0,0,0,0,0,0.1713048697,0,0,0,0,0,4.0512317101,0,0,0,0,0,0.2829389575,6
0.0425154321,0,0,0,0,0,0.1162751486,0,0,0,0,0,0.0839534751,0,0,0,0,0,0,0.3067243941,0,0,0,0,0,0.6348308185,0,0,0,0,0,0,0.6098851166,0,0,0,0,0,0.1713048697,0,0,0,0,0,0,0.1669124371,0,0,0,0,0,4.0273633974,0,0,0,0,0,0.2846793553,6
0.0454989712,0,0,0,0,0,0.1277120485,0,0,0,0,0,0.0876828989,0,0,0,0,0,0,0.3034093507,0,0,0,0,0,0.6288637403,0,0,0,0,0,0,0.5646347737,0,0,0,0,0,0.1623542524,0,0,0,0,0,0,0.1700617284,0,0,0,0,0,4.0818958619,0,0,0,0,0,0.2723308185,6
0.0400291495,0,0,0,0,0,0.1207504572,0,0,0,0,0,0.0923239598,0,0,0,0,0,0,0.3083819159,0,0,0,0,0,0.6373999771,0,0,0,0,0,0,0.595796182,0,0,0,0,0,0.1703932327,0,0,0,0,0,0,0.171636374,0,0,0,0,0,4.025125743,0,0,0,0,0,0.2826074531,6
0.0320730453,0,0,0,0,0,0.0997828075,0,0,0,0,0,0.0798925469,0,0,0,0,0,0,0.3081332876,0,0,0,0,0,0.6637545725,0,0,0,0,0,0,0.6293609968,0,0,0,0,0,0.1671610654,0,0,0,0,0,0,0.1557241655,0,0,0,0,0,4.0548782579,0,0,0,0,0,0.2536836991,6
0.0398633973,0,0,0,0,0,0.117601166,0,0,0,0,0,0.0871027663,0,0,0,0,0,0,0.3049011203,0,0,0,0,0,0.6254658208,0,0,0,0,0,0,0.612205647,0,0,0,0,0,0.1689014632,0,0,0,0,0,0,0.1632658893,0,0,0,0,0,4.0579446731,0,0,0,0,0,0.2671925011,6
0.0708590535,0,0,0,0,0,0.2306441472,0,0,0,0,0,0.1231538637,0,0,0,0,0,0,0.5111796982,0,0,0,0,0,0.9008630544,0,0,0,0,0,0,0.8731824417,0,0,0,0,0,0.2968621399,0,0,0,0,0,0,0.3010059442,0,0,0,0,0,2.6503772291,0,0,0,0,0,0.4863168724,7
0.0808041838,0,0,0,0,0,0.2554240969,0,0,0,0,0,0.1451160265,0,0,0,0,0,0,0.5130858482,0,0,0,0,0,0.8032350251,0,0,0,0,0,0,0.805058299,0,0,0,0,0,0.3025805898,0,0,0,0,0,0,0.3115312071,0,0,0,0,0,2.7077274806,0,0,0,0,0,0.5198816872,7
0.0591735254,0,0,0,0,0,0.1432927526,0,0,0,0,0,0.1011088249,0,0,0,0,0,0,0.381810128,0,0,0,0,0,0.7659407865,0,0,0,0,0,0,0.6824016918,0,0,0,0,0,0.2173010974,0,0,0,0,0,0,0.2318044124,0,0,0,0,0,3.5438643118,0,0,0,0,0,0.3177469136,7
0.0859425011,0,0,0,0,0,0.2403406493,0,0,0,0,0,0.1362482853,0,0,0,0,0,0,0.476288866,0,0,0,0,0,0.7979309556,0,0,0,0,0,0,0.8070473251,0,0,0,0,0,0.3087962963,0,0,0,0,0,0,0.3006744399,0,0,0,0,0,2.7852166209,0,0,0,0,0,0.5059585048,7
0.1387345679,0,0,0,0,0,0.4105681299,0,0,0,0,0,0.2753143576,0,0,0,0,0,0,0.8436785551,0,0,0,0,0,1.339111797,0,0,0,0,0,0,1.1649062643,0,0,0,0,0,0.5207933242,0,0,0,0,0,0,0.4301268861,0,0,0,0,0,0.6395547554,0,0,0,0,0,0.681655807,7
0.0403606539,0,0,0,0,0,0.1221593507,0,0,0,0,0,0.0920753315,0,0,0,0,0,0,0.3817272519,0,0,0,0,0,0.7945330361,0,0,0,0,0,0,0.6439471879,0,0,0,0,0,0.1835705304,0,0,0,0,0,0,0.1834876543,0,0,0,0,0,3.7603366484,0,0,0,0,0,0.2422467993,7
0.0830418381,0,0,0,0,0,0.2200360082,0,0,0,0,0,0.1765260631,0,0,0,0,0,0,0.5831990169,0,0,0,0,0,1.0885773891,0,0,0,0,0,0,0.9346764975,0,0,0,0,0,0.3484110654,0,0,0,0,0,0,0.2816958162,0,0,0,0,0,2.3593992913,0,0,0,0,0,0.3688814586,7
0.0591735254,0,0,0,0,0,0.1432927526,0,0,0,0,0,0.1011088249,0,0,0,0,0,0,0.381810128,0,0,0,0,0,0.7659407865,0,0,0,0,0,0,0.6824016918,0,0,0,0,0,0.2173010974,0,0,0,0,0,0,0.2318044124,0,0,0,0,0,3.5438643118,0,0,0,0,0,0.3177469136,7
0.0725994513,0,0,0,0,0,0.2361139689,0,0,0,0,0,0.1266346594,0,0,0,0,0,0,0.5087762917,0,0,0,0,0,0.8418552812,0,0,0,0,0,0,0.8137602881,0,0,0,0,0,0.2991826703,0,0,0,0,0,0,0.290232053,0,0,0,0,0,2.7426183128,0,0,0,0,0,0.5126714678,7
0.097379401,0,0,0,0,0,0.2775520119,0,0,0,0,0,0.1892061043,0,0,0,0,0,0,0.4858196159,0,0,0,0,0,0.6567101052,0,0,0,0,0,0,0.7946987883,0,0,0,0,0,0.3504000914,0,0,0,0,0,0,0.32968107,0,0,0,0,0,2.7454360997,0,0,0,0,0,0.5175611568,7
0.0863568816,0,0,0,0,0,0.2406721536,0,0,0,0,0,0.1405578418,0,0,0,0,0,0,0.4987482853,0,0,0,0,0,0.8867741198,0,0,0,0,0,0,0.8459990855,0,0,0,0,0,0.3186585505,0,0,0,0,0,0,0.3110339506,0,0,0,0,0,2.6148233882,0,0,0,0,0,0.5008201875,7
0.0382058756,0,0,0,0,0,0.1418838592,0,0,0,0,0,0.082958962,0,0,0,0,0,0,0.4450445816,0,0,0,0,0,0.8212191358,0,0,0,0,0,0,0.9508373342,0,0,0,0,0,0.2821930727,0,0,0,0,0,0,0.2888231596,0,0,0,0,0,3.0111368313,0,0,0,0,0,0.3821416324,8
0.0340620713,0,0,0,0,0,0.1497570873,0,0,0,0,0,0.0837048468,0,0,0,0,0,0,0.4576417467,0,0,0,0,0,0.8571873571,0,0,0,0,0,0,0.9678269319,0,0,0,0,0,0.2910608139,0,0,0,0,0,0,0.2975251486,0,0,0,0,0,2.904806813,0,0,0,0,0,0.4008716278,8
0.0381229995,0,0,0,0,0,0.1511659808,0,0,0,0,0,0.0852794925,0,0,0,0,0,0,0.4393261317,0,0,0,0,0,0.7981795839,0,0,0,0,0,0,0.9321902149,0,0,0,0,0,0.2758116141,0,0,0,0,0,0,0.2928012117,0,0,0,0,0,3.0369941701,0,0,0,0,0,0.3945730453,8
0.0392832647,0,0,0,0,0,0.1140374943,0,0,0,0,0,0.0827103338,0,0,0,0,0,0,0.3397090764,0,0,0,0,0,0.7407464563,0,0,0,0,0,0,0.646930727,0,0,0,0,0,0.1846479195,0,0,0,0,0,0,0.1781007087,0,0,0,0,0,3.8681584362,0,0,0,0,0,0.2501200274,8
0.0793952904,0,0,0,0,0,0.1984053498,0,0,0,0,0,0.1577960677,0,0,0,0,0,0,0.5519547325,0,0,0,0,0,0.9306984454,0,0,0,0,0,0,0.9990712163,0,0,0,0,0,0.3502343393,0,0,0,0,0,0,0.3505658436,0,0,0,0,0,2.4389603338,0,0,0,0,0,0.3873628258,8
0.035719593,0,0,0,0,0,0.1611111111,0,0,0,0,0,0.0843678555,0,0,0,0,0,0,0.4699074074,0,0,0,0,0,0.8295896205,0,0,0,0,0,0,0.9808384774,0,0,0,0,0,0.3043209877,0,0,0,0,0,0,0.3127743484,0,0,0,0,0,2.8369312986,0,0,0,0,0,0.4288837449,8
0.0683727709,0,0,0,0,0,0.2192072474,0,0,0,0,0,0.1541495199,0,0,0,0,0,0,0.6111282579,0,0,0,0,0,1.1020861911,0,0,0,0,0,0,1.038354481,0,0,0,0,0,0.3680526978,0,0,0,0,0,0,0.3282721765,0,0,0,0,0,2.1415180613,0,0,0,0,0,0.4133030407,8
0.0329018061,0,0,0,0,0,0.1144518747,0,0,0,0,0,0.072267947,0,0,0,0,0,0,0.374102652,0,0,0,0,0,0.8044781664,0,0,0,0,0,0,0.7821844993,0,0,0,0,0,0.2181298583,0,0,0,0,0,0,0.2031292867,0,0,0,0,0,3.5398862597,0,0,0,0,0,0.3029120942,8
0.0403606539,0,0,0,0,0,0.1324359854,0,0,0,0,0,0.0832075903,0,0,0,0,0,0,0.4121427755,0,0,0,0,0,0.7685928212,0,0,0,0,0,0,0.8268547096,0,0,0,0,0,0.2508659122,0,0,0,0,0,0,0.2538494513,0,0,0,0,0,3.3152091907,0,0,0,0,0,0.3609253544,8
0.0455818473,0,0,0,0,0,0.1526577503,0,0,0,0,0,0.090666438,0,0,0,0,0,0,0.4578903749,0,0,0,0,0,0.7897262231,0,0,0,0,0,0,0.9502572016,0,0,0,0,0,0.2814471879,0,0,0,0,0,0,0.3184099223,0,0,0,0,0,2.9290066301,0,0,0,0,0,0.4288008688,8
0.0340620713,0,0,0,0,0,0.1497570873,0,0,0,0,0,0.0837048468,0,0,0,0,0,0,0.4576417467,0,0,0,0,0,0.8571873571,0,0,0,0,0,0,0.9678269319,0,0,0,0,0,0.2910608139,0,0,0,0,0,0,0.2975251486,0,0,0,0,0,2.904806813,0,0,0,0,0,0.4008716278,8
0.0594221536,0,0,0,0,0,0.2037094193,0,0,0,0,0,0.1197559442,0,0,0,0,0,0,0.4810128029,0,0,0,0,0,0.8952274806,0,0,0,0,0,0,0.8867741198,0,0,0,0,0,0.2875800183,0,0,0,0,0,0,0.2573302469,0,0,0,0,0,2.8361854138,0,0,0,0,0,0.417446845,9
0.0631515775,0,0,0,0,0,0.2078532236,0,0,0,0,0,0.1273805441,0,0,0,0,0,0,0.482090192,0,0,0,0,0,0.8833762003,0,0,0,0,0,0,0.8680441244,0,0,0,0,0,0.2978566529,0,0,0,0,0,0,0.2589048925,0,0,0,0,0,2.8293895748,0,0,0,0,0,0.4263974623,9
0.066549497,0,0,0,0,0,0.2119141518,0,0,0,0,0,0.1292866941,0,0,0,0,0,0,0.4850737311,0,0,0,0,0,0.9125485825,0,0,0,0,0,0,0.8440100594,0,0,0,0,0,0.2889889118,0,0,0,0,0,0,0.268021262,0,0,0,0,0,2.8162122771,0,0,0,0,0,0.4218392775,9
0.0635659579,0,0,0,0,0,0.2020518976,0,0,0,0,0,0.1185128029,0,0,0,0,0,0,0.4728080704,0,0,0,0,0,0.934179241,0,0,0,0,0,0,0.8589277549,0,0,0,0,0,0.2886574074,0,0,0,0,0,0,0.2415009145,0,0,0,0,0,2.8491969593,0,0,0,0,0,0.4150434385,9
0.1593707133,0,0,0,0,0,0.3954846822,0,0,0,0,0,0.3009230681,0,0,0,0,0,0,0.8243684271,0,0,0,0,0,1.3793895748,0,0,0,0,0,0,1.1547125057,0,0,0,0,0,0.5407664609,0,0,0,0,0,0,0.3902634888,0,0,0,0,0,0.7371827846,0,0,0,0,0,0.5619827389,9
0.0600022862,0,0,0,0,0,0.1923553955,0,0,0,0,0,0.1225737311,0,0,0,0,0,0,0.4816758116,0,0,0,0,0,0.9539037494,0,0,0,0,0,0,0.851303155,0,0,0,0,0,0.2923039552,0,0,0,0,0,0,0.2507830361,0,0,0,0,0,2.8332847508,0,0,0,0,0,0.4062585734,9
0.0297525149,0,0,0,0,0,0.1085676726,0,0,0,0,0,0.0725165752,0,0,0,0,0,0,0.3700417238,0,0,0,0,0,0.8553640832,0,0,0,0,0,0,0.7447245085,0,0,0,0,0,0.1892889803,0,0,0,0,0,0,0.1805869913,0,0,0,0,0,3.6561614083,0,0,0,0,0,0.2374399863,9
0.0594221536,0,0,0,0,0,0.2037094193,0,0,0,0,0,0.1197559442,0,0,0,0,0,0,0.4810128029,0,0,0,0,0,0.8952274806,0,0,0,0,0,0,0.8867741198,0,0,0,0,0,0.2875800183,0,0,0,0,0,0,0.2573302469,0,0,0,0,0,2.8361854138,0,0,0,0,0,0.417446845,9
0.0707761774,0,0,0,0,0,0.2073559671,0,0,0,0,0,0.1307784636,0,0,0,0,0,0,0.476288866,0,0,0,0,0,0.891746685,0,0,0,0,0,0,0.8649777092,0,0,0,0,0,0.3052326246,0,0,0,0,0,0,0.2609767947,0,0,0,0,0,2.8052726337,0,0,0,0,0,0.4310385231,9
0.0618255601,0,0,0,0,0,0.2028806584,0,0,0,0,0,0.1238997485,0,0,0,0,0,0,0.483001829,0,0,0,0,0,0.9048411065,0,0,0,0,0,0,0.8697845222,0,0,0,0,0,0.2994312986,0,0,0,0,0,0,0.2619713077,0,0,0,0,0,2.8070130316,0,0,0,0,0,0.4297953818,9
0.0571844993,0,0,0,0,0,0.1692329675,0,0,0,0,0,0.1300325789,0,0,0,0,0,0,0.5219535894,0,0,0,0,0,1.145347508,0,0,0,0,0,0,0.9478537952,0,0,0,0,0,0.308547668,0,0,0,0,0,0,0.2256715821,0,0,0,0,0,2.6372828075,0,0,0,0,0,0.3013374486,9
0.0759144947,0,0,0,0,0,0.2161408322,0,0,0,0,0,0.1661665524,0,0,0,0,0,0,0.5667066758,0,0,0,0,0,0.9248971193,0,0,0,0,0,0,0.9592078189,0,0,0,0,0,0.3669753086,0,0,0,0,0,0,0.3249571331,0,0,0,0,0,2.393875743,0,0,0,0,0,0.4496027663,10
0.0789809099,0,0,0,0,0,0.2049525606,0,0,0,0,0,0.1702274806,0,0,0,0,0,0,0.5629772519,0,0,0,0,0,0.9860596708,0,0,0,0,0,0,0.9265546411,0,0,0,0,0,0.3412008459,0,0,0,0,0,0,0.3028292181,0,0,0,0,0,2.4365569273,0,0,0,0,0,0.4341049383,10
0.0489797668,0,0,0,0,0,0.1425468679,0,0,0,0,0,0.1190100594,0,0,0,0,0,0,0.4962620027,0,0,0,0,0,0.9819158665,0,0,0,0,0,0,0.879232396,0,0,0,0,0,0.2879943987,0,0,0,0,0,0,0.2189586191,0,0,0,0,0,2.9881801555,0,0,0,0,0,0.2813643118,10
0.0779863969,0,0,0,0,0,0.2119141518,0,0,0,0,0,0.1645090306,0,0,0,0,0,0,0.5473136717,0,0,0,0,0,0.9335991084,0,0,0,0,0,0,0.939980567,0,0,0,0,0,0.3465049154,0,0,0,0,0,0,0.3127743484,0,0,0,0,0,2.480647005,0,0,0,0,0,0.4292152492,10
0.1162751486,0,0,0,0,0,0.3044867398,0,0,0,0,0,0.2566672382,0,0,0,0,0,0,0.8004172382,0,0,0,0,0,1.4328446502,0,0,0,0,0,0,1.2153778006,0,0,0,0,0,0.4954332419,0,0,0,0,0,0,0.3833018976,0,0,0,0,0,0.9241512346,0,0,0,0,0,0.5154892547,10
0.0879315272,0,0,0,0,0,0.2290695016,0,0,0,0,0,0.1762774348,0,0,0,0,0,0,0.5618169867,0,0,0,0,0,0.9734625057,0,0,0,0,0,0,0.9384887974,0,0,0,0,0,0.348079561,0,0,0,0,0,0,0.32586877,0,0,0,0,0,2.3476308871,0,0,0,0,0,0.4558184728,10
0.0759144947,0,0,0,0,0,0.2161408322,0,0,0,0,0,0.1661665524,0,0,0,0,0,0,0.5667066758,0,0,0,0,0,0.9248971193,0,0,0,0,0,0,0.9592078189,0,0,0,0,0,0.3669753086,0,0,0,0,0,0,0.3249571331,0,0,0,0,0,2.393875743,0,0,0,0,0,0.4496027663,10
0.0912465706,0,0,0,0,0,0.2394290123,0,0,0,0,0,0.1752000457,0,0,0,0,0,0,0.5670381802,0,0,0,0,0,0.9146204847,0,0,0,0,0,0,0.9593735711,0,0,0,0,0,0.374102652,0,0,0,0,0,0,0.3500685871,0,0,0,0,0,2.2720478967,0,0,0,0,0,0.501317444,10
0.0755829904,0,0,0,0,0,0.2129915409,0,0,0,0,0,0.1594535894,0,0,0,0,0,0,0.5585848194,0,0,0,0,0,0.941886717,0,0,0,0,0,0,0.9531578647,0,0,0,0,0,0.3495713306,0,0,0,0,0,0,0.3249571331,0,0,0,0,0,2.4238768862,0,0,0,0,0,0.4443815729,10
0.0335648148,0,0,0,0,0,0.097379401,0,0,0,0,0,0.0951417467,0,0,0,0,0,0,0.4036894147,0,0,0,0,0,0.8499771376,0,0,0,0,0,0,0.7089220393,0,0,0,0,0,0.2026320302,0,0,0,0,0,0,0.157133059,0,0,0,0,0,3.669338706,0,0,0,0,0,0.2266660951,10
0.0772405121,0,0,0,0,0,0.2124942844,0,0,0,0,0,0.1618569959,0,0,0,0,0,0,0.5513745999,0,0,0,0,0,0.9155321216,0,0,0,0,0,0,0.9713077275,0,0,0,0,0,0.348079561,0,0,0,0,0,0,0.3098736854,0,0,0,0,0,2.4390432099,0,0,0,0,0,0.4576417467,10
0.0468249886,0,0,0,0,0,0.122407979,0,0,0,0,0,0.0963020119,0,0,0,0,0,0,0.3603452218,0,0,0,0,0,0.7274862826,0,0,0,0,0,0,0.6441129401,0,0,0,0,0,0.1814157522,0,0,0,0,0,0,0.1805869913,0,0,0,0,0,3.8190129172,0,0,0,0,0,0.2659493599,11
0.035719593,0,0,0,0,0,0.1015232053,0,0,0,0,0,0.0871027663,0,0,0,0,0,0,0.3743512803,0,0,0,0,0,0.7850851623,0,0,0,0,0,0,0.6656607225,0,0,0,0,0,0.1961676955,0,0,0,0,0,0,0.1719678784,0,0,0,0,0,3.7909179241,0,0,0,0,0,0.2359482167,11
0.0319072931,0,0,0,0,0,0.102186214,0,0,0,0,0,0.0855281207,0,0,0,0,0,0,0.3601794696,0,0,0,0,0,0.7468792867,0,0,0,0,0,0,0.6494170096,0,0,0,0,0,0.1931012803,0,0,0,0,0,0,0.1541495199,0,0,0,0,0,3.889126086,0,0,0,0,0,0.2319701646,11
0.0359682213,0,0,0,0,0,0.1080704161,0,0,0,0,0,0.0955561271,0,0,0,0,0,0,0.3614226109,0,0,0,0,0,0.7455532693,0,0,0,0,0,0,0.6446930727,0,0,0,0,0,0.1921067673,0,0,0,0,0,0,0.1697302241,0,0,0,0,0,3.8392346822,0,0,0,0,0,0.2521090535,11
0.0664666209,0,0,0,0,0,0.1893718564,0,0,0,0,0,0.1557241655,0,0,0,0,0,0,0.5454903978,0,0,0,0,0,0.9522462277,0,0,0,0,0,0,0.9093992913,0,0,0,0,0,0.3261173983,0,0,0,0,0,0,0.2660322359,0,0,0,0,0,2.6976165981,0,0,0,0,0,0.3359796525,11
0.0322387974,0,0,0,0,0,0.1063300183,0,0,0,0,0,0.0909979424,0,0,0,0,0,0,0.3835505258,0,0,0,0,0,0.8400320073,0,0,0,0,0,0,0.7299725652,0,0,0,0,0,0.21406893,0,0,0,0,0,0,0.18315615,0,0,0,0,0,3.6166295153,0,0,0,0,0,0.2474679927,11
0.0991197988,0,0,0,0,0,0.2432413123,0,0,0,0,0,0.1923553955,0,0,0,0,0,0,0.6352451989,0,0,0,0,0,1.0429955418,0,0,0,0,0,0,1.0744884545,0,0,0,0,0,0.3976394604,0,0,0,0,0,0,0.3664780521,0,0,0,0,0,1.9639146091,0,0,0,0,0,0.4289666209,11
0.0370456104,0,0,0,0,0,0.1000314358,0,0,0,0,0,0.0890917924,0,0,0,0,0,0,0.3809813672,0,0,0,0,0,0.793455647,0,0,0,0,0,0,0.6641689529,0,0,0,0,0,0.1850623,0,0,0,0,0,0,0.167741198,0,0,0,0,0,3.7899234111,0,0,0,0,0,0.2369427298,11
0.035719593,0,0,0,0,0,0.1015232053,0,0,0,0,0,0.0871027663,0,0,0,0,0,0,0.3743512803,0,0,0,0,0,0.7850851623,0,0,0,0,0,0,0.6656607225,0,0,0,0,0,0.1961676955,0,0,0,0,0,0,0.1719678784,0,0,0,0,0,3.7909179241,0,0,0,0,0,0.2359482167,11
0.0320730453,0,0,0,0,0,0.1025177183,0,0,0,0,0,0.0861911294,0,0,0,0,0,0,0.3549582762,0,0,0,0,0,0.7840077732,0,0,0,0,0,0,0.6407150206,0,0,0,0,0,0.1925211477,0,0,0,0,0,0,0.1621056241,0,0,0,0,0,3.8597050755,0,0,0,0,0,0.2296496342,11
0.0338963192,0,0,0,0,0,0.1035951075,0,0,0,0,0,0.094478738,0,0,0,0,0,0,0.3616712391,0,0,0,0,0,0.777046182,0,0,0,0,0,0,0.6504943987,0,0,0,0,0,0.1887917238,0,0,0,0,0,0,0.1575474394,0,0,0,0,0,3.8427983539,0,0,0,0,0,0.2341249428,11
0.0612454275,0,0,0,0,0,0.1916923868,0,0,0,0,0,0.1235682442,0,0,0,0,0,0,0.4565643576,0,0,0,0,0,0.826191701,0,0,0,0,0,0,0.770333219,0,0,0,0,0,0.270921925,0,0,0,0,0,0,0.2536836991,0,0,0,0,0,3.0939300412,0,0,0,0,0,0.3963134431,13
0.0329018061,0,0,0,0,0,0.0890089163,0,0,0,0,0,0.0871027663,0,0,0,0,0,0,0.3613397348,0,0,0,0,0,0.7784550754,0,0,0,0,0,0,0.609304984,0,0,0,0,0,0.1520776177,0,0,0,0,0,0,0.1462762917,0,0,0,0,0,3.9705932785,0,0,0,0,0,0.2173839735,13
0.0704446731,0,0,0,0,0,0.1832390261,0,0,0,0,0,0.1370770462,0,0,0,0,0,0,0.4625314358,0,0,0,0,0,0.8109425011,0,0,0,0,0,0,0.7632058756,0,0,0,0,0,0.2530206904,0,0,0,0,0,0,0.2657007316,0,0,0,0,0,3.0935156607,0,0,0,0,0,0.4047668038,13
0.0608310471,0,0,0,0,0,0.1882115912,0,0,0,0,0,0.124397005,0,0,0,0,0,0,0.4700731596,0,0,0,0,0,0.8528778006,0,0,0,0,0,0,0.7908864883,0,0,0,0,0,0.268021262,0,0,0,0,0,0,0.2558384774,0,0,0,0,0,3.0406407179,0,0,0,0,0,0.3926668953,13
0.0658864883,0,0,0,0,0,0.1974108368,0,0,0,0,0,0.1323531093,0,0,0,0,0,0,0.4700731596,0,0,0,0,0,0.8341478052,0,0,0,0,0,0,0.7746427755,0,0,0,0,0,0.2742369685,0,0,0,0,0,0,0.2495398948,0,0,0,0,0,3.0355024006,0,0,0,0,0,0.4106510059,13
0.058842021,0,0,0,0,0,0.1701446045,0,0,0,0,0,0.1492598308,0,0,0,0,0,0,0.5258487654,0,0,0,0,0,1.0384373571,0,0,0,0,0,0,0.8749228395,0,0,0,0,0,0.3283550526,0,0,0,0,0,0,0.2318044124,0,0,0,0,0,2.7537237083,0,0,0,0,0,0.3131058528,13
0.0609139232,0,0,0,0,0,0.1886259717,0,0,0,0,0,0.1279606767,0,0,0,0,0,0,0.4650177183,0,0,0,0,0,0.8145061728,0,0,0,0,0,0,0.7750571559,0,0,0,0,0,0.2742369685,0,0,0,0,0,0,0.2484625057,0,0,0,0,0,3.0823273891,0,0,0,0,0,0.4073359625,13
0.0634002058,0,0,0,0,0,0.198571102,0,0,0,0,0,0.1262202789,0,0,0,0,0,0,0.4591335162,0,0,0,0,0,0.8535408093,0,0,0,0,0,0,0.7685099451,0,0,0,0,0,0.2696787837,0,0,0,0,0,0,0.2445673297,0,0,0,0,0,3.0519947417,0,0,0,0,0,0.4088277321,13
0.101191701,0,0,0,0,0,0.2139031779,0,0,0,0,0,0.208267604,0,0,0,0,0,0,0.6391403749,0,0,0,0,0,1.1128600823,0,0,0,0,0,0,1.0303155007,0,0,0,0,0,0.3804841107,0,0,0,0,0,0,0.314266118,0,0,0,0,0,2.0503543667,0,0,0,0,0,0.3936614083,13
0.0658864883,0,0,0,0,0,0.1974108368,0,0,0,0,0,0.1323531093,0,0,0,0,0,0,0.4700731596,0,0,0,0,0,0.8341478052,0,0,0,0,0,0,0.7746427755,0,0,0,0,0,0.2742369685,0,0,0,0,0,0,0.2495398948,0,0,0,0,0,3.0355024006,0,0,0,0,0,0.4106510059,13
0.0679583905,0,0,0,0,0,0.1935985368,0,0,0,0,0,0.1274634202,0,0,0,0,0,0,0.4686642661,0,0,0,0,0,0.8423525377,0,0,0,0,0,0,0.8017432556,0,0,0,0,0,0.2686842707,0,0,0,0,0,0,0.2550925926,0,0,0,0,0,2.9988711706,0,0,0,0,0,0.4200160037,13
0.0589248971,0,0,0,0,0,0.2282407407,0,0,0,0,0,0.1382373114,0,0,0,0,0,0,0.6444444444,0,0,0,0,0,1.0926383173,0,0,0,0,0,0,1.0751514632,0,0,0,0,0,0.3949045496,0,0,0,0,0,0,0.3655664152,0,0,0,0,0,1.8551811843,0,0,0,0,0,0.5911551212,14
0.0889260402,0,0,0,0,0,0.2504515318,0,0,0,0,0,0.1631830133,0,0,0,0,0,0,0.5434184957,0,0,0,0,0,0.928377915,0,0,0,0,0,0,0.9172725194,0,0,0,0,0,0.3465049154,0,0,0,0,0,0,0.3264489026,0,0,0,0,0,2.3942072474,0,0,0,0,0,0.4856538637,14
0.0629858253,0,0,0,0,0,0.1755315501,0,0,0,0,0,0.14652492,0,0,0,0,0,0,0.5098536808,0,0,0,0,0,0.9921925011,0,0,0,0,0,0,0.8503915181,0,0,0,0,0,0.300757316,0,0,0,0,0,0,0.231390032,0,0,0,0,0,2.8607996113,0,0,0,0,0,0.3140174897,14
0.0953074989,0,0,0,0,0,0.2860882487,0,0,0,0,0,0.1959190672,0,0,0,0,0,0,0.6396376315,0,0,0,0,0,1.0385202332,0,0,0,0,0,0,1.0920581847,0,0,0,0,0,0.4341049383,0,0,0,0,0,0,0.4021147691,0,0,0,0,0,1.6579360997,0,0,0,0,0,0.6027577732,14
0.1077389118,0,0,0,0,0,0.3359796525,0,0,0,0,0,0.2216106539,0,0,0,0,0,0,0.5857681756,0,0,0,0,0,0.7947816644,0,0,0,0,0,0,0.9647605167,0,0,0,0,0,0.4377514861,0,0,0,0,0,0,0.4520890489,0,0,0,0,0,1.9507373114,0,0,0,0,0,0.5932270233,14
0.0589248971,0,0,0,0,0,0.1530721308,0,0,0,0,0,0.1334304984,0,0,0,0,0,0,0.4558184728,0,0,0,0,0,0.9252286237,0,0,0,0,0,0,0.7180384088,0,0,0,0,0,0.2440700732,0,0,0,0,0,0,0.2087648605,0,0,0,0,0,3.2659807956,0,0,0,0,0,0.2811156836,14
0.1056670096,0,0,0,0,0,0.3207304527,0,0,0,0,0,0.202466278,0,0,0,0,0,0,0.7035350937,0,0,0,0,0,1.069184385,0,0,0,0,0,0,1.130927069,0,0,0,0,0,0.4702389118,0,0,0,0,0,0,0.4356795839,0,0,0,0,0,1.3315700732,0,0,0,0,0,0.6744455876,14
0.0770747599,0,0,0,0,0,0.2244284408,0,0,0,0,0,0.1672439415,0,0,0,0,0,0,0.5555184042,0,0,0,0,0,0.9440414952,0,0,0,0,0,0,0.9723851166,0,0,0,0,0,0.3705389803,0,0,0,0,0,0,0.3407035894,0,0,0,0,0,2.2972422268,0,0,0,0,0,0.4952674897,14
0.0969650206,0,0,0,0,0,0.2848451075,0,0,0,0,0,0.195670439,0,0,0,0,0,0,0.6354938272,0,0,0,0,0,1.0149834248,0,0,0,0,0,0,1.0849308413,0,0,0,0,0,0.4314529035,0,0,0,0,0,0,0.4278892318,0,0,0,0,0,1.6743455647,0,0,0,0,0,0.5978680841,14
0.0770747599,0,0,0,0,0,0.2244284408,0,0,0,0,0,0.1672439415,0,0,0,0,0,0,0.5555184042,0,0,0,0,0,0.9440414952,0,0,0,0,0,0,0.9723851166,0,0,0,0,0,0.3705389803,0,0,0,0,0,0,0.3407035894,0,0,0,0,0,2.2972422268,0,0,0,0,0,0.4952674897,14
0.099285551,0,0,0,0,0,0.2841820988,0,0,0,0,0,0.1929355281,0,0,0,0,0,0,0.6485882487,0,0,0,0,0,1.0474708505,0,0,0,0,0,0,1.0635488112,0,0,0,0,0,0.4286351166,0,0,0,0,0,0,0.410733882,0,0,0,0,0,1.660173754,0,0,0,0,0,0.6088906036,14
0.0398633973,0,0,0,0,0,0.1229052355,0,0,0,0,0,0.0996170553,0,0,0,0,0,0,0.3857881802,0,0,0,0,0,0.893735711,0,0,0,0,0,0,0.7062700046,0,0,0,0,0,0.2109196388,0,0,0,0,0,0,0.191858139,0,0,0,0,0,3.5327589163,0,0,0,0,0,0.2607281664,15
0.0681241427,0,0,0,0,0,0.1815815043,0,0,0,0,0,0.1511659808,0,0,0,0,0,0,0.5154063786,0,0,0,0,0,1.0318072702,0,0,0,0,0,0,0.8435128029,0,0,0,0,0,0.3103709419,0,0,0,0,0,0,0.2473851166,0,0,0,0,0,2.7556298583,0,0,0,0,0,0.3394604481,15
0.1565529264,0,0,0,0,0,0.4076674669,0,0,0,0,0,0.3014203246,0,0,0,0,0,0,0.829092364,0,0,0,0,0,1.4408836305,0,0,0,0,0,0,1.2283064701,0,0,0,0,0,0.5728395062,0,0,0,0,0,0,0.4512602881,0,0,0,0,0,0.4912894376,0,0,0,0,0,0.5651320302,15
0.0619084362,0,0,0,0,0,0.1866369456,0,0,0,0,0,0.1324359854,0,0,0,0,0,0,0.4321159122,0,0,0,0,0,0.850308642,0,0,0,0,0,0,0.7970193187,0,0,0,0,0,0.2778835162,0,0,0,0,0,0,0.251611797,0,0,0,0,0,3.0781835848,0,0,0,0,0,0.3763403064,15
0.0565214906,0,0,0,0,0,0.1762774348,0,0,0,0,0,0.1242312529,0,0,0,0,0,0,0.4474479881,0,0,0,0,0,0.8555298354,0,0,0,0,0,0,0.805969936,0,0,0,0,0,0.2632973251,0,0,0,0,0,0,0.2479652492,0,0,0,0,0,3.0855595565,0,0,0,0,0,0.3816443759,15
0.0586762689,0,0,0,0,0,0.1862225652,0,0,0,0,0,0.1323531093,0,0,0,0,0,0,0.448276749,0,0,0,0,0,0.8570216049,0,0,0,0,0,0,0.8164951989,0,0,0,0,0,0.2698445359,0,0,0,0,0,0,0.2543467078,0,0,0,0,0,3.0578789438,0,0,0,0,0,0.3633287609,15
0.0653892318,0,0,0,0,0,0.1974108368,0,0,0,0,0,0.1344250114,0,0,0,0,0,0,0.4380829904,0,0,0,0,0,0.8253629401,0,0,0,0,0,0,0.7845879058,0,0,0,0,0,0.2778835162,0,0,0,0,0,0,0.2707561728,0,0,0,0,0,3.0457790352,0,0,0,0,0,0.4047668038,15
0.0582618884,0,0,0,0,0,0.1834047782,0,0,0,0,0,0.1355852766,0,0,0,0,0,0,0.4616197988,0,0,0,0,0,0.8081247142,0,0,0,0,0,0,0.8046439186,0,0,0,0,0,0.2846793553,0,0,0,0,0,0,0.2637117055,0,0,0,0,0,3.0611111111,0,0,0,0,0,0.3833018976,15
0.0575988797,0,0,0,0,0,0.1756144262,0,0,0,0,0,0.1247285094,0,0,0,0,0,0,0.4703217878,0,0,0,0,0,0.8756687243,0,0,0,0,0,0,0.7931241427,0,0,0,0,0,0.2687671468,0,0,0,0,0,0,0.253600823,0,0,0,0,0,3.0479338134,0,0,0,0,0,0.3770861911,15
0.062654321,0,0,0,0,0,0.1904492455,0,0,0,0,0,0.133016118,0,0,0,0,0,0,0.458884888,0,0,0,0,0,0.8605024005,0,0,0,0,0,0,0.8097822359,0,0,0,0,0,0.2809499314,0,0,0,0,0,0,0.2658664838,0,0,0,0,0,2.9937328532,0,0,0,0,0,0.3886059671,15
0.056852995,0,0,0,0,0,0.1823273891,0,0,0,0,0,0.1265517833,0,0,0,0,0,0,0.4468678555,0,0,0,0,0,0.8371313443,0,0,0,0,0,0,0.8253629401,0,0,0,0,0,0.280535551,0,0,0,0,0,0,0.2694301555,0,0,0,0,0,3.0232367398,0,0,0,0,0,0.3961476909,15
